{"number of modes": 2, "number of surfaces": 4, "energies": [1.5551602252702725, 1.6151602252702721, 1.3922138898494896, 1.8751602252702733], "frequencies": [0.02, 0.04], "linear couplings": [[0.072, 0.072, 0.25, -0.2], [0.2, -0.2, 0.0, -0.2]]}