{"number of modes": 2, "number of surfaces": 4, "energies": [1.064845266886758, 1.1345784139035648, 0.9252480478037697, 1.4009435840151365], "frequencies": [0.02, 0.04], "linear couplings": [[0.072, 0.072, 0.2, -0.16], [0.16, -0.16, 0.0, -0.16]]}