{"number of modes": 2, "number of surfaces": 2, "energies": [0.5300000000000002, 0.3099999999999996], "frequencies": [0.02, 0.04], "linear couplings": [[0.12, -0.12], [0.0008, 0.0]]}