{"number of modes": 2, "number of surfaces": 8, "energies": [0.3966666585672785, 0.3966666585672785, 0.3966666585672785, 0.3966666585672785, 0.3966666585672785, 0.3966666585672785, 0.3966666585672785, 0.3966666585672785], "frequencies": [0.03, 0.03], "linear couplings": [[0.16, 0.0, -0.16, 0.0, 0.11313708498984759, -0.11313708498984759, 0.11313708498984759, -0.11313708498984759], [0.0, 0.16, 0.0, -0.16, 0.11313708498984759, -0.11313708498984759, -0.11313708498984759, 0.11313708498984759]]}