{"number of modes": 2, "number of surfaces": 8, "energies": [0.3966666666666665, 0.3966666666666663, 0.3966666666666662, 0.3966666666666662, 0.396666658567278, 0.396666658567278, 0.396666658567278, 0.39666665856727795], "frequencies": [0.03, 0.03], "linear couplings": [[0.16, 0.0, -0.16, 0.0, 0.11313708498984759, -0.11313708498984759, 0.11313708498984759, -0.11313708498984759], [0.0, 0.16, 0.0, -0.16, 0.11313708498984759, -0.11313708498984759, -0.11313708498984759, 0.11313708498984759]]}