{"number of modes": 2, "number of surfaces": 8, "energies": [-0.0033333333333329107, -0.0033333333333329107, -0.0033333333333329107, -0.0033333333333329107, -0.0033333333333329107, -0.0033333333333329107, -0.0033333333333329107, -0.0033333333333329107], "frequencies": [0.03, 0.03], "linear couplings": [[0.04, 0.0, -0.04, 0.0, 0.028284271247461898, -0.028284271247461898, 0.028284271247461898, -0.028284271247461898], [0.0, 0.04, 0.0, -0.04, 0.028284271247461898, -0.028284271247461898, -0.028284271247461898, 0.028284271247461898]]}