{"number of modes": 2, "number of surfaces": 2, "energies": [0.2099999999999993, 0.2099999999999993], "frequencies": [0.03, 0.03], "linear couplings": [[0.12, -0.12], [0.0, 0.0]]}