{"number of modes": 2, "number of surfaces": 2, "energies": [0.07666666666666733, 0.07666666666666733], "frequencies": [0.03, 0.03], "linear couplings": [[0.08, -0.08], [0.0, 0.0]]}