{"number of modes": 2, "number of surfaces": 8, "energies": [0.6366666666454928, 0.636666666645492, 0.6366666666454917, 0.6366666666454912, 0.6365674538037545, 0.6365674538037543, 0.6365674538037543, 0.6365674538037532], "frequencies": [0.03, 0.03], "linear couplings": [[0.2, 0.0, -0.2, 0.0, 0.1414213562373095, -0.1414213562373095, 0.1414213562373095, -0.1414213562373095], [0.0, 0.2, 0.0, -0.2, 0.1414213562373095, -0.1414213562373095, -0.1414213562373095, 0.1414213562373095]]}