{"number of modes": 2, "number of surfaces": 2, "energies": [0.6313464314366399, 0.6313464314366399], "frequencies": [0.03, 0.03], "linear couplings": [[0.2, -0.2], [0.0, 0.0]]}