{"number of modes": 2, "number of surfaces": 2, "energies": [0.7995999999999996, 0.5795999999999999], "frequencies": [0.02, 0.04], "linear couplings": [[0.072, 0.072], [0.2, -0.2]]}