{"number of modes": 2, "number of surfaces": 2, "energies": [0.6196000000000014, 0.3996000000000002], "frequencies": [0.02, 0.04], "linear couplings": [[0.072, 0.072], [0.16, -0.16]]}