{"number of modes": 2, "number of surfaces": 2, "energies": [0.2995972190829889, 0.09959721908298894], "frequencies": [0.02, 0.04], "linear couplings": [[0.072, 0.072], [0.16, -0.16]]}