{"number of modes": 2, "number of surfaces": 2, "energies": [[0.09959721908298894, 0.0], [0.0, 0.19959721908298894]], "frequencies": [0.02, 0.04], "linear couplings": [[[0.072, 0.0], [0.0, -0.072]], [[0.0, 0.2], [0.2, 0.0]]]}