{"number of modes": 2, "number of surfaces": 2, "energies": [[0.41687130491003166, 0.8999999999999999], [0.8999999999999999, 0.21687130491003168]], "frequencies": [0.02, 0.04], "linear couplings": [[[0.12, 0.0], [0.0, -0.12]], [[0.0, 0.008], [0.008, 0.0]]]}