{"number of modes": 2, "number of surfaces": 2, "energies": [[-0.0033333333333329107, 0.0], [0.0, -0.0033333333333329107]], "frequencies": [0.03, 0.03], "linear couplings": [[[0.04, 0.0], [0.0, -0.04]], [[0.0, 0.04], [0.04, 0.0]]]}