{"number of modes": 2, "number of surfaces": 2, "energies": [[0.09959721908298894, 0.0], [0.0, 0.10959721908298894]], "frequencies": [0.01, 0.02], "linear couplings": [[[0.071, 0.0], [0.0, 0.072]], [[0.071, 0.0], [0.0, 0.072]]]}