{"number of modes": 6, "number of surfaces": 4, "energies": [[10.800011987132299, 0.0, 0.0, 0.0], [0.0, 10.824111912195436, 0.0, 0.0], [0.0, 0.0, 10.686552298110518, 0.0], [0.0, 0.0, 0.0, 10.737622734704985]], "frequencies": [0.14, 0.202, 0.264, 0.326, 0.388, 0.45], "linear couplings": [[[-0.22542944984364446, 0.0, 0.0, 0.0], [0.0, 0.01784275899006349, 0.0, 0.0], [0.0, 0.0, 0.16667598388103677, 0.0], [0.0, 0.0, 0.0, -0.022429548103592878]], [[0.06774787377779576, 0.0, 0.0, 0.0], [0.0, -0.14068836480043997, 0.0, 0.0], [0.0, 0.0, -0.17607597078385942, 0.0], [0.0, 0.0, 0.0, -0.15005528092398937]], [[0.06321754354087958, 0.0, 0.0, 0.0], [0.0, 0.06168296888969729, 0.0, 0.0], [0.0, 0.0, -0.1116521347917977, 0.0], [0.0, 0.0, 0.0, 0.12594626816825186]], [[0.11470677578949047, 0.0, 0.0, 0.0], [0.0, 0.09893773452748068, 0.0, 0.0], [0.0, 0.0, -0.07391821790599448, 0.0], [0.0, 0.0, 0.0, -0.027700889651758445]], [[0.05562295483327956, 0.0, 0.0, 0.0], [0.0, -0.016743542580726883, 0.0, 0.0], [0.0, 0.0, -0.029704851404914245, 0.0], [0.0, 0.0, 0.0, -0.058196375231898884]], [[-0.007486959479525934, 0.0, 0.0, 0.0], [0.0, 0.06631893570285068, 0.0, 0.0], [0.0, 0.0, -0.050523163416572994, 0.0], [0.0, 0.0, 0.0, 0.05105341272655321]]]}